catalog_number,course_title,prerequisites,typical_term_offered,course_description,Credits
500,"Problem-solving with People, Information, & Technology",,Fall,"Many problems facing society today involve information, from the small and mundane to the large and socially complex. Students learn and apply interdisciplinary problem-solving and team-based techniques to identify problems involving information, investigate them, and design potential solutions. This course develops foundational skills essential for future information professionals. ",3
504,"Servers, The Shell, and Git ",,Fall,"This course will introduce students to common tasks completed in the shell including: executing standard linux commands, interacting with package management systems, and utilizing git for version control. Students will use git for individual and collaborative work, with emphasis on handling merge requests and branches.",1.5
505,Career and Internship Studio: Design Your Success ,,Fall (2nd half),"In this course, students will engage in a synthesis of knowledge and skill formation as well as practice in internship / career readiness and professional development.
This course will integrate practice, as well as peer coaching and facilitation in small group activities and reflection. Students will also be exposed to various industry and alumni speakers.
At the end of this course students will be able to articulate and implement professional development and career readiness skills that provide for the foundation of success in the internship search, the internship experience, as well as future professional environments.",1
506,Programming I ,,Fall,"Introduction to Python programming with a focus on applications informatics. Covers the fundamental elements of a modern programming language and how to access data on the internet. Explores how humans and technology complement one another, including techniques used to coordinate groups of people working together on software development.",3
507,Intermediate Programming ,"[""506"", ""504""]",Fall,"The purpose of this course is to build upon the foundation provided by 506 and prepare students for more advanced courses that require programming skills. In particular, students in 507 will further develop core programming and software development skills, including: basic data structures, gathering and processing data, interactive programming, debugging the testing, using distributed code repositories, and object-oriented design. By the end of this course, students should be comfortable writing 500-1000 line object-oriented programs including data processing and interactivity, incorporate and integrate multiple third-party packages, and write effective test cases to validate a functional specification.",3
510,Information Ethics ,,Winter,Intensive review of ethical challenges bearing down on information professionals. Ethics are positioned as a foundation of professional identity while acknowledging that this foundation is undergoing critical evaluation and transformation. Contemporary controversies and conflicts are drawn upon that touch all MSI program areas and bring key issues into sharp relief.,3
511,Special Topics,,As Needed,Special Topics in Information,1-6
514,Special Topics,,nan,Special topics,1-6
515,Motion Capture for Interaction Design,,Winter,"Students are introduced to motion capture methods, including acoustic tracking, inertial sensing, and visual motion tracking. Students explore each form of motion capture before completing a final project of their own design. Final projects might consist of an interactive game, a digital musical instrument or an interactive installation.",3
519,Intellectual Property and Information Law ,,Fall,"This course explores related and sometimes competing legal and policy frameworks for the development and dissemination of ideas, and expression, and data in the Information Age. We will examine copyright, patent, and trademark law - as well as speech and privacy. We will look at ways in which principles of free speech and expression relate to intellectual property rights - and how these legal concepts are related to the advancement of knowledge and innovation. We will focus on these areas in a political and social context -- and their interrelation to the Internet and evolving technologies. We will consider the impact of ethics and values on the development and dissemination of ideas and information (such as security, privacy, local control v. national and international considerations, competition, and the protection of minors). The course will draw from the contexts of education, business, and government, with a special emphasis on the changing nature, roles and responsibilities of educational institutions. Each term starts with a conversation about students' particular interests, and the course is tailored appropriately where possible. Special topics from students have included cosplay, plant genetics, and fan fiction in the context of the course's themes.",3
520,Graphic Design and Visual Communications ,,Fall,"The conceptual part of the course covers the graphic design theory discourse. Students will reinforce the practical application of critical thinking, analyze and process of making and conceptualizing, learn how to ""read"" designs and how to apply them into a broader cultural, technological, and social context. In the hands-on part of the course, students will gain necessary software skills, learn how to follow or establish brand/identity guidelines, prepare work for print or web production, and select the right tools, media, and budget for their projects.  Students will improve their aesthetic sensibilities and design skills through mastering visual language vocabularies, understanding principles of effective visual communications, solving creative problems, and developing analytical thinking, promoting thus their ability to respond professionally to rapidly changing needs of the modern world.  Students should have familiarity with MS Office or iWork, Adobe Acrobat or Preview.",3
521,Advanced Psychoacoustics  ,,Fall,"This course will focus on psychoacoustics, the study of how we perceive sounds.  Topics covered will include the anatomy and physiology of the ear, the perception of simple and complex sounds, ecological acoustics and auditory scene analysis.",3
529,Online Communities (Online Communities),,Winter,"This course is intended to give students a background in theory and practice surrounding online interaction environments.  For the purpose of the course, a community is defined as a group of people who sustain interaction over time.  The group may be held together by a common identity, a collective purpose, or merely by the individual utility gained from the interactions.  An online interaction environment is an electronic forum, accessed through computers or other electronic devices, in which community members can conduct some or all of their interactions.  We will use the term eCommunity as shorthand, both for communities that conduct all of their interactions online and for communities that use online interaction to supplement face-to-face interactions.
There will be two main treads that weave through the course, based on the two main texts.  One tread will be concerned with the practical issues of design and use of online tools to support communities, and how choices that must be made in design can impact the function and style of the resulting community.  The second thread will focus on the sociological theory that provides a frame to better understand communities in general.  These theoretical pieces will provide a lens for better understanding the implications of choices made on the more practical level.",3
530,Principles in Management ,,Winter,"This course provides a foundation in management for information professionals interested in working in for-profit or non-profit organizations.  In this course students will learn about management principles (e.g. planning, organizing, leading, controlling).  Having a firm grasp of the principles is the first step.  This is a skills based course, so students are expected to apply what they learn in class by reading and analyzing case studies.  At all times students will be required to take on various roles (e.g. manager, employee, supplier, customer, competitor) to outline the issues managers face, evaluate managers' responses, and provide alternative courses of action.",3
534,Theories of Social Influence ,,Fall,This course introduces the major theories of social influence in psychology and economics so that you may become a better decision architect and an effective leader. In this course we will learn why and under the conditions in individual's thoughts and actions can be influenced by those around them. We will touch on related theoretical ground in economics and in psychology but focus heavily on the empirical findings and how they can be applied to design and management tasks. The primary goal of this course is to realize a detailed picture of the traditional and contemporary thinking on this topic as it is addressed in economics and in social psychology and to have you applying the tools of influence from day one.,3
536,Introduction to Urban Informatics ,,Fall,"This course provides students an introduction to the emerging field of urban informatics, an interdisciplinary field of research and practice that uses information technology for the analysis, management, planning, inhabitation, and usability of cities. Given these diverse application areas, the course is centered on a series of hands-on technical labs which are designed to build on the knowledge typically covered in a standard course in statistics. Lab topics include the use of databases, application programming interfaces, and web-based visualization and spatial data analysis. It is intended to serve as an introduction for more advanced coursework in databases, GIS, or data analysis. Seminar and lecture sessions cover topics related to the context and practice models associated with urban technologies, including civic technology, indicators, smart cities, and performance management.",3
538,Citizen Interaction Design ,,Fall,"This course aims to create information tools that support 21st-century citizenship. This is a project-based, experiential learning course where students apply their skills to create information products in partnership with a Michigan community. Students will work with partners in Michigan communities to deliver information tools and services that foster an engaged citizenry. Students will work in teams, travel to the partner community, and have support of administrative staff to manage projects.",4
539,Web Design: Responsiveness and Accessibility ,"[""506""]",Fall,"The purpose of this course is to provide students with all necessary frontend development skills for designing and building responsive and accessible websites. Topics include recent changes to HTML, CSS and WCAG standards, media-queries, responsive frameworks, and manual and automated testing.",3
540,Privacy in Information Technology ,,Alternating Winter terms,"This course explores privacy and data protection in information technologies. Students will gain a critical understanding of privacy's role in society and tension between privacy, technology and secure. Students will learn to analyze privacy issues and design privacy-friendly and usable solutions by considering social, technical, legal and public policy aspects. 
The course starts with a historical perspective on privacy and the tensions between privacy, technology and security as well as discourse on aspects affected privacy decisions of individuals. This is followed by an overview of the privacy laws and regulations in the United States and Europe, and other countries or even between sectors. The second half of the course focuses on the design of privacy-friendly systems under considerations of legal and regulatory requirements, technological safeguards and challenges, human factors, and organizational measures,",3
542,Introduction to Health Informatics ,[],Fall,"Introduction to concepts and practices of health informatics. Topics include: a) major applications and commercial vendors; b) decision support methods and technologies; c) analysis, design, implementation, and evaluation of healthcare information systems; and d) new opportunities and emerging trends.",3
544,Introduction to Statistics and Data Analysis ,,Fall,"The purpose of this class will be to provide students with a basic understanding of statistics, that is the ability to describe various populations and draw inferences about them.  It should also sharpen individual intuition about how to read data, interpret data, and judge others' claims about data.  It should be useful to a wide variety of students both as preparation for more advanced courses and as a means to professional advancement.
Specifically, skills to be developed are:
1. Abilities to characterize population data intuitively for oneself and others.  2. Ability to draw conclusions and novel inferences from population data.  3. Ability to check assumptions of others' claims and debug their putative ""facts"".  4. Ability to look for correlations while controlling for confounding effects.  5. Overall, the chief objective is to demystify the process of inquiry into what isn't known.",3
547,Engaging with Communities ,,Fall,"Information-based community engagement work requires a special set of knowledge, skills, context sensitivity, self-awareness, and comportment. This course provides multidisciplinary approaches to soliciting, identifying, and meeting community needs to ensure truly collaborative endeavors. As a client-based course, it examines the principles, methods, and ethics to respectful, informed, and beneficial community collaboration across the engagement's lifecycle. It will highlight contextual inquiry, relevant data gathering and analysis methodologies, user centered design, project management, conflict resolution, relationship building, and other approaches to join student skillsets with community knowledge and expertise to best ensure pertinent, usable, and sustainable inputs. We will unpack key issues that can enhance, impair, and even derail engagement such as power dynamics, trust, social identities, race and class, and cultural and professional humility. Understanding community members' wants, needs, and aspirations can help information-based projects have greater impact, value, and enhance prospects for adoption and sustainability.",3
548, Principles of Software Design for Learning,,Winter,Students are introduced to the process of designing computer-based learning environments.  Students work in groups to design and prototype learning environments for real classrooms.  Attention is focused on ensuring designs are based upon sound pedagogical theory and that learning environments are embedded into curriculum.,3
549,Transformative Learning and Teaching with Technology ,,Fall,"What role does technology play in high-performance learning and teaching environments?  What are the most common mistakes schools, parents, and communities make when integrating technology into learning and teaching?  How does policy at the federal, state, local, and institutional level affect what is possible with technology?  We will explore the answers to these questions in this class as we examine ways technology has been used successfully (and not so successfully) in a variety of educational contexts.  Students are encouraged to develop critical perspectives about the uses of technology for learning and teaching.",3
552,Introduction to Accessibility ,,Fall,"This class is an introduction to accessibility. Students will engage in discourse on several models of disability, be exposed to different types of assistive technologies, and apply what they learn to real-world accessibility and technology challenges.",3
554,Consumer Health Informatics ,,Winter,"Consumer health informatics (CHI) gives health care consumers information and tools to facilitate their engagement.  Students will become familiar with, and evaluate, a range of CHI applications.  They will also assess the needs and technological practices of potential users, generate theory-informed design and implementation strategies, and select appropriate evaluation approaches.",3
559,Introduction to AR/VR Application Design ,,Fall,"This course will introduce students to Augmented Reality (AR) and Virtual Reality (VR) interfaces. This course covers basic concepts; students will create two mini-projects, one focused on AR and one on VR, using prototyping tools. The course requires neither special background nor programming experience.",3
561,Natural Language Processing ,,Fall,"Linguistics fundamentals of natural language processing (NLP), part of speech tagging, hidden Markov models, syntax and parsing, lexical semantics, compositional semantics, word sense disambiguation, machine translation. Additional topics such as sentiment analysis, text generation, and deep learning for NLP>",3
563,Game Theory ,,Fall,"Simply knowing that people behave strategically is not a recipe for success, but acquiring a framework for strategic thinking is.  This course gives students the competitive edge to anticipate, formulate and analyze strategic interactions.  You will learn how to acquire and process information to act effectively in strategic situations, based on analysis of the motivations of other participants.  You will also learn how to incentivize the motivate users, collaborators and customers to further the objectives of an organization, community or society.",3
564,SQL and Databases ,,Fall,"This course will introduce the students to beginning and intermediate database concepts to prepare the student to use databases as part of a data analysis workflow. The students will learn data modelling, SQL Syntax, understanding how to evaluate different database systems for suitability, how to evaluate and improve the performance of database operations, how to use a database in a multi-step analysis process.",1.5
568,Becoming a Data Scientist,"[""618""]",Winter,"This course provides a foundational introduction to the field of data science, equipping students with essential technical skills and an understanding of the human and ethical dimensions of the profession. Through a combination of hands-on activities, programming projects, and scenario planning, students will develop awareness for the skills needed in this career track. The course emphasizes practical programming skills and ethical case studies. These exercises are designed to reinforce core concepts and prepare students for more advanced applications in data science.",1.5
569,Creating XR Experiences,"[""559""]",--,"Students gain hands-on experience with XR project management, design, development, and evaluation by working with clients from various U-M units to create XR experiences related to research and instructional programs. Weekly class lectures, readings, discussions, and assignments help to build skills and knowledge needed for creating successful XR experiences.",3
574,Health Informatics Program Seminar ,,Fall,This course is a requirement for second year students in the Master of Health Informatics program.  It focuses on reflection and presentations associated with the internship experience.  Presentation and constructive feedback as aspects of leadership will be emphasized.,1-2
579,Building Interactive Applications ,"[""504"", ""539""]",Fall,This course introduces tools and techniques for building user interfaces that are reactive and responsive. It covers a variety of design heuristics for creating interfaces that are usable and accessible. It also teaches software design patterns to implement user interfaces at scale.,3
580,Understanding Records and Archives ,,Fall,"Provides an understanding of why societies, cultures, organizations, and individuals create and keep records.  Presents cornerstone terminology, concepts, and practices used in records management and archival administration.  Examines the evolution of methods and technologies used to create, store, organize, and preserve records and the ways in which organizations and individuals are archives and records for ongoing operations, accountability, research, litigation, and organizational memory.  Participants become familiar with the legal, policy, and ethical issues surrounding records and archives administration and become conversant with the structure, organization, and literature of the archival and records management professions.",3
581,Preserving Information Resources in a Digital Age ,"[""647"", ""580""]",Winter,"With a special focus on libraries, archives, & research collections, this course provides a comprehensive overview of information preservation. It will cover basic concepts, challenges, assessment methodologies, and good practices of preservation for continued access by present and future users. Preservation is discussed both as a distinct function and as an embedded feature of key information processing & dissemination. Students will explore core principles of preservation management and current trends & issues related to preservation and sustainability of digital collections.",3
582,Introduction to Interaction Design ,,Fall,"This course will provide students with a hands-on introduction to interaction design. The course will focus on design methods and design thinking, and will allow students to develop their design sensibilities and practical skills through a series of design exercises. The course will cover individual and group ideation techniques; and contemporary perspectives on interaction design for common platforms (e.g., web, desktop, tablet, mobile, and beyond).
The course will combine readings, lectures, and in-class exercises to convey and reinforce the intellectual content. Individual and group assignments will provide an opportunity to engage more deeply with the material. The course work may include substantial individual/group project at the end of the course or a semester-long individual project. In-class presentations, along with group critique will allow students to receive feedback from peers and instructors to improve and refine their craft. In-class discussions will rely heavily on concrete examples that are analyzed and critiqued by students and instructors alike, and are used to illustrate and reinforce the course content.",3
583,Managing Accountability Through Recordkeeping ,,Fall,"Intensive overview for managing information as a critical organizational asset and the various accountability risks associated with their neglect. Social, legal, and policy requirements such as trust, evidence, compliance, and social transformation will be examined alongside ongoing tensions between preservation and destruction, secrecy and transparency, and privacy and openness.",3
585,Scholarly Communication ,"[""647"", ""580""]",Winter,"Covers the production, access, and evaluation of scholarly information in print and digital formats. Focuses on current and historical challenges and opportunities, with emphasis on open access, peer review, modes of disseminating research and data, and the critical role of information institutions and professions in the scholarly communication landscape.",3
588,Principles of User Experience,,Fall,"Surveys basic principles of cognitive and social psychology relevant to the design and use of information systems. Focuses on important findings in social science and their implications for the design and use of information systems. Topics include the basics of human perception, memory capacity and organization, the development of skill and expertise, characteristics of everyday reasoning and decision making, social influences on behavior, and the role of emotion in user experience.",3
591,Humanitarian Innovation ,,--,"Explore the role that innovation can and does play in how community development (e.g. refugee resettlement) works in the United States. This class will focus on participatory approaches for innovation, with particular attention to issues of power, gender, inclusion and psycho-social well-being. Students will work in teams to understand current challenges in selected resettlement communities, practice co-design and prototyping skills as they attempt to solve a specific design challenge, and develop tools for enhancing co-creation among various actors in the humanitarian space in SE Ml.
",3
599,SI Project Experience,[],nan,"This project-based course requires students to demonstrate synthesis of the major theories, methods, and approaches to inquiry and/or schools of practice necessary for entry into a particular career in the information professions. Topic is assigned by section - meets concurrently with the corresponding section of 699. *Students enrolled in 599 will NOT receive Mastery Course credit towards the MSI degree*",3
594,Automotive User Experience,"[""582""]",Winter,This course provides hands-on experience with the best practices and theory that exist within Automotive User Experience (UX) design space. Students will be asked to create designs of their own to convey their understanding.,3
597,Research Foundations for MTOP,[],Fall,This MTOP course focuses on formulating good research questions; conducting a literature search; writing a literature review; engaging with theory; and framing a research paper. Students will learn the theory and practice of these aspects of doing research. Many of the course assignments are intended to help students make progress on their own master’s thesis projects. This course is partly intended to create a sense of an MTOP cohort. A portion of the classroom time will be spent on discussions about how each student’s master’s thesis projects are going.,2
602,Mathematical Foundations for Applied Data Science,"[""506"", ""504"", ""544""]",Winter,"This course builds and strengthens the mathematical foundations required to succeed in applied data science. The course will review fundamental concepts in statistics, probability, linear algebra, and calculus, and demonstrate how these concepts are applied to core approaches in data analysis.",3
605,Interdisciplinary Problem Solving ,,Fall,"""Interdisciplinary Problem Solving"" is a course offered at the Law School through the Problem Solving Initiative (PSI). (https://problemsolving.law.umich.edu/)  Through a team-based, experiential, and interdisciplinary learning model, small groups of U-M graduate and professional students work with faculty to explore and offer solutions to emerging, complex problems.",3
608,Networks ,"[""507"", ""618""]",Fall,"This course will cover topics in network analysis, from social networks to applications in information networks such as the internet.  We will introduce basic concepts in network theory, discuss metric and models, use software analysis tools to experiment with a wide variety of real-world network data, and study applications to areas such as information retrieval.  For their final project, the students will apply the concepts learned in class to networks of interest to them.",3
610,Advanced Digital Studies Seminar ,,--,"This graduate theory seminar provides a comprehensive and introduction to the major theories, themes and issues in Digital Studies. The course focuses on key canonical and contemporary texts in this emerging field. This course or its equivalent is required for student who wish to receive the Digital Studies Graduate Certificate.",3
611,Special Topics in Information ,[],Fall,,
612,Pervasive Interaction Design ,"[""582""]",Fall,"This course is advanced interaction design course the focuses on designing interactive applications for emerging mobile and context-aware technologies.  It follows a similar format to 582 (Interaction Design) in that course is studio-based, consists largely of a seminar-long group project with multiple milestones, and is supplemented by readings and discussion relevant to the topic.  Class meetings consist of brief lectures to introduce and frame course concepts, design methods, and technical tools; discussion of readings; in-class design exercises; and group work/lab time.  Some programming will be required in order to complete prototyping activities, though students have flexibility in choosing the platforms and languages used.  Programming will not be taught in the course.",3
616,Advanced Topics in Graphic Design and Communication ,"[""520""]",Fall,"This multidisciplinary, hybrid course is for those students who want/need to deepen and broaden their graphic communication skills developed in SI 520: Graphic Design. This course supports students' further professional development by enhancing their conceptual problem solving skills and technical proficiency through a set of projects.",3
617,Choice Architecture ,,Winter,"Designing a system or organization for humans requires understanding not just choice and behavior motivations (good in most cases, we hope), but also learning about the reasons we blunder and make mistakes.  Thus, even when incentives are ""aligned"" with overall system goals, there are many instances where we make poor choices because as human beings, we are all susceptible to a wide array of routine biases that can lead to an equally wide array of unwanted and unintended outcomes and decisions.  Our errors are what make us human, but up until now, they have been largely ignored by systems designers, whether these designers make complex public policy, manage a team or design an information system.  But knowing how people think, we can become choice architects who design environments that both yield better decision making on the part of users, and achieve behavior that is consistent with overall system goals while gaining a competitive design-edge.
The first goal of this course is to inform future information system professionals, designers and managers about human decision rules and their associated biases so that these insights can be incorporated into their design, business or management strategies.  Knowledge of these issues can be a significant source of competitive advantage because they are unknown to most information systems professionals and they are not taught in most I-schools.  The second goal of this course is to clarify how these results can be leveraged to create original and more effective systems and institutions that meet the designer's goals.
",3
618,Data Manipulation and Analysis ,"[""507"", ""544""]",Fall,"This course aims to help students get started with their own data harvesting, processing, aggregation, and analysis.  Data analysis is crucial to evaluating and designing solutions and applications, as well as understanding user's information needs and use.  In many cases the data we need to access is distributed online among many webpages, stored in a database, or available in a large text file.  Often these data (e.g. web server logs) are too large to obtain and/or process manually.  Instead, we need an automated way of gathering the data, parsing it, and summarizing it, before we can do more advanced analysis.  Therefore, students will learn to use Python and its modules to accomplish these tasks in a 'quick and easy' yet useful and repeatable way.  Next, students will learn techniques of exploratory data analysis, using scripting, text parsing, structured query language, regular expressions, graphing, and clustering methods to explore data.  R modules will be used to accomplish these tasks. Students will be able to make sense of and see patterns in otherwise intractable quantities of data.",3
622,Needs Assessment and Usability Evaluation ,,Winter,"Covers the key concepts of evaluation and a variety of methods used to determine the goals of a system or service, performs organizational analysis, assesses task/technology or service fit, determines ease of learning of new or existing services or systems, determines ease of use, assesses aspects of performance (including information retrieval), and evaluates the success in accomplishing the user/organizational goals. Methods include observation, survey, interviews, performance analysis, evaluation in the design/iteration cycle, usability tests, and assessment of systems in use.",4
623,Research Methods for Information Professionals ,,Winter,"Research is key in the information professions:  we assist other people conducting research, read research studies to improve practice, engage in research to evaluate tools and services, and use research in reports, funding requests, and requests for proposals.  Much of our practice rests on a base of evidence and as responsible professionals it is important that we be able to weigh that evidence and apply it appropriately in our information setting.  Information professionals also conduct research studies to assist in their work or for promotion within their organizations.  We may also become a part or larger research teams conducting research studies.  This course is designed to help you conduct and consume research studies.",3
624,"Healthcare Data Application, Analysis,  Consulting and Communication ","[""506"", ""544""]",Fall,"Step into the role of an HI data consultant, navigate technical problems, and conduct a business analysis at the level of a research project, a Quality Improvement initiative, and a wide-spread Population-level issue. For each of the 3 real world scenarios, a stakeholder will present their business objective to the class. Students will then scope the project, explore and evaluate the data, and present deliverables.",3
626,Management of Non-Profit Libraries and Information Services,,Alternating Winter terms,"This course introduces selected theories, principles and techniques of management science and their application to libraries, archives and information services in the non-profit and public sectors. Contemporary information 
practice demands proactive leadership, regardless of one's formal position. Accordingly, this course will help to prepare students to act as change agents throughout their careers. Students will gain skills in strategic planning, 
stakeholder management, non-profit financial management, human resources and organizational design for the sector, and change leadership. ",3
627,Managing Information Technology,,Alternating Winter terms,"Students will learn the roles and functions that information technology plays in an organization and how to manage these resources to meet the organization's goals. Students will also explore the 4 C’s of global work as applied to IT, incorporating critical thinking, communication, collaboration, and creativity. The course also examines the processes used in the selection, implementation, and evaluation of technology. ",3
630,Natural Language Processing: Algorithms and People ,"[""507"", ""618""]",Winter,"This course focuses on how to use machine learning techniques to understand, annotate, and generate the language we see in everyday situations.  The techniques learned in this course can be applied to any kind of text and enable turning qualitative evaluation of text in a precise quantitative measurement.  Students will learn the linguistics fundamentals of natural language processing (NLP), with specific topics of part of speech tagging, syntax and parsing, lexical semantics, topic models, and machine translation. Additional advanced topics will include sentiment analysis, crowdsourcing, and deep learning for NLP.",3
631,Agile Software Development ,,Fall,"This course provides an opportunity for students to apply skills in user experience analysis & software requirements gathering, drawing on Agile project management methodologies. These methods introduce students to tools for describing & tracking the work of a project in ways that support team collaboration, client relationship management, and the efficiency and quality of the finished project. Students will learn different agile methodologies and presentation techniques. Students will work on sample projects learning how to prioritize workflows and different client and stakeholder needs.",1.5
632,Appraisal and Collection Development ,"[""647"", ""580""]",Fall,"Covers concepts and practices collection development in archives and libraries. It provides deeper appreciation of selection practices as foundational to fulfilling institutional mandates and meeting user needs. Students will learn the various models, techniques, ethics, and policy considerations of growing and sustaining collections.",3
633,Assessment in Cultural Institutions ,,Fall,"Application of research methods in the design and implementation of assessment and evaluation of cultural heritage collections, services, programs, and tools to document and measure effectiveness, meet user needs, and social impact, including recommending actionable and specific steps to respond to study findings.",3
639,Web Archiving ,,Winter,"The World Wide Web is the primary delivery mechanism for digital content.  Preservation administrators need to be familiar with the tools and appropriate techniques for preservation of information delivered through the ""surface"" Web (static Web pages, blogs, E-mail discussion lists, etc.) and information that is part of the ""deep"" Web (e.g. databases, streaming media, and authenticated resources).  Once Web content is captured and brought into a preservation environment, preservation administrators are responsible for transforming them into persistent formats and data structures.",1.5
642,Population Health Informatics ,"[""542""]",Fall,"This course explores the foundations of population health informatics, including information architecture; data standards and confidentiality as they pertain to population health management.  This course examines key concepts related to registries, electronic health records, epidemiological databases, biosurveillance, health promotion, and quality reporting in population health management.",3
643,Instructional Skills for Information Professionals ,,Winter,"Whether creating a tutorial for a new app, leading a workshop about archival materials, hosting a webinar for students or customers, or engaging colleagues in discussions around a provocative article, information professionals are frequently involved in teaching and learning activities. To engage others means moving beyond lecturing or ""telling information"" and, instead, to think about how you can empower others' learning. You'll learn about learning theories, then get practical strategies to help you plan, execute, reflect upon, and assess learning in multiple modalities: video tutorials, discussion groups, face-to-face workshops, and online webinars. You'll select teaching topics based on the needs, interests, and challenges you will face in future employment so that you can use your projects in your portfolio.",3
644,Advanced SQL & Databases,"[""506"", ""564"", ""504""]",--,"This course will cover a number of advanced topics in SQL. We will cover normalization, window functions, sets, using json data. We will be looking at using MySQL, Oracle, Postgres, and MSSQL and comparing and contrasting the differences. We will also cover NO SQL databases like mongodb, and elasticsearch. Lastly we will interface to SQL databases and noSQL databases using python.",1.5
646,Information Economics ,,Alternating Fall terms,"Course provides a strong grounding in the economics of information goods and services. Students analyze strategic issues faced by for-profit and not-for-profit organizations: pricing, bundling, versioning, product differentiation and variety, network externalities, and rights management.",1.5
647,Information Resources and Services ,,Fall,"This course introduces the principles and practice of reference and information services and provides practical guidelines for evaluating and using a variety of information sources. The course focuses on providing students with practical experience, but it also covers how research findings related to reference interaction can be translated into practical guidelines and implemented by information professionals in various work settings. The core theme of this course revolves around understanding reference services and sources from a user information needs and seeking perspective rather than from a bibliography- or source-centered viewpoint.  Upon completion of this course, students will be able to: (1) Demonstrate the ability to conduct effective reference service interviews; (2) Identify and use appropriate reference sources to find answers to reference questions; (3) Apply criteria to be used in evaluating reference sources; (4) Demonstrate knowledge of users? information needs, seeking, and use; (5) Possess familiarity with current problems, trends, and issues in the field of reference and information services.",3
648,Evaluation and Research Methods for Health Informatics and Learning Systems ,,Fall,"This course provides a foundational introduction to empirical methods, both qualitative, that are applicable to health informatics and learning health systems, and that support both evaluation and research studies. Quantitative methods are introduced with a heavy emphasis on measurement theory and the development of measurement instruments. Each week, as new methods are introduced, they are examined through analysis of published studies, including several classic papers, of applications of information technology applied to health care, population health, and personal health. Students complete two study design exercises a key learning experiences in the course.",3
649,Information Visualization ,"[""507"", ""544""]",Fall,"Introduction to information visualization. Topics include data and image models, multidimensional and multivariate data, design principles for visualization, hierarchical, network, textual and collaborative visualization, the visualization pipeline, data processing for visualization, visual representations, visualization system interaction design, and impact of perception. Emphasizes construction of systems using graphics application programming interfaces (APIs) and analysis tools.",3
650,Information Retrieval,"[""507"", ""618""]",Fall,"Information is everywhere. We encounter it in our everyday lives in the form of E-mail, newspapers, television, the Web, and even in conversations with each other. Information is hidden in a variety of media: text, images, sounds, videos. While casual information consumers can simply enjoy its abundance and appreciate the existence of search engines that can help them find what they want, information professionals are responsible for building the underlying technology that search engines use. Building a search engine involves a lot more than indexing some documents -- information retrieval is the study of the interaction between users and large information environments. It covers concepts such as information need, documents and queries, indexing and searching, retrieval evaluation, multimedia and hypertext search, Web search, as well as bibliographical databases. In this course, students go over some classic concepts of information retrieval and then quickly jump to the current state of the art in the field, where crawlers, spiders, and hard-of-hearing personal butlers roam.",3
652,Incentives and Strategic Behavior in Computational Systems ,,--,"Modeling and analysis of strategic decision environments from combined computational and economic perspectives. Essential elements of game theory, including solution concepts and equilibrium computation. Design and analysis of mechanisms for problems motivated by areas such as electronic commerce, social computing, social choice, and information elicitation.",3
654,Critical Policy Issues in Health IT ,,--,This course will introduce the critical policy issues related to the use of Health Information Technologies (HIT) with a primary focus on the U.S. The course will explore issues from both a national perspective as well as the perspective of organizations that use these systems.,3
657,Information Technology and International Development ,,Fall,"This course will provide an intensive introduction to the field of information technology and global development, in its historical, policy, and design dimensions. Part one offers an overview of key historical and contemporary debates in international development, and an introduction to recent theoretical works on technology and development including. We explore a broad range of work from historical academic literature on development to contemporary commentary on issues such as economic growth, urban and infrastructural change, culture, environment, humanitarian issues, healthcare, and quality of life. Part two explores the growing literature on technology and development. Through readings, discussions, and course assignments, students will gain an understanding of several of the key issues being faced in the developing world, and examine the role of technology in these. Through geographically focused project and discussion groups, students will also develop specific regional or country-level knowledge and experience.",3
658,Information Architecture ,,Winter,"Everything is complex. Distinctions between physical and digital space are dissolving. Profound events in human culture unfold in places made of and from information.  The architecture of information for a Bay Area startup's new IOS app, or for a municipal government's sharepoint portal, or up in the cloud of an ""omnichannel"" enterprise is rarely somebody's specific job.  This course will examine the progression of IA theory and expand students' familiarity with architecture, architects, and architectural and critical theory. In this class you'll engage in a peculiar and spirited examination of arguments for why it ought to be. You'll learn how to apply architectural thinking and practices in complex information spaces, and how to design structures that make the complex clear.",3
659,Developing AR/VR Experiences ,"[""582"", ""539""]",Winter,"This course will focus on creating augmented reality (AR) and virtual reality (VR) interfaces that blend or substitute elements of the physical world with digital content. Given that AR/VR technologies have a high technical barrier of entry and are rapidly evolving, the course will cover methods and tools to mitigate these issues. Students will learn how to approach technical problems in interaction design, to systematically study requirements, and balance technological limitations.",3
661,Managing Health Informatics ,,Winter,"This course prepares students to take on management challenges faced in health informatics leadership roles within a variety of organizational settings.  Through a combination of seminar and case study work, it is a highly interactive course in which students have the opportunity to discuss real-world health informatics scenarios from a variety of perspectives in order to gain familiarity with different managerial approaches.  The course also draws on organizational and managerial theory to provide students with more generalized knowledge about how to be an effective leader.  Students build knowledge and develop skills to consider multiple dimensions of possible solutions to health informatics-related issues, arrive at decisions, and articulate the reasoning behind the approaches to their decision-making.  This course has a strong organizational orientation and is appropriate for any student preparing for a health informatics career that includes managerial responsibilities.",3
664,Database Application Design ,"[""506""]",Fall,"This course is an introduction to database management systems (DBMS). It covers both theoretical and practical aspects of DBMS, including database design, use, and implementation using the database language SQL. Topics in physical database design are also discussed. An essential part of the course is a programming project through which students design and develop a practical database system for library access, electronic commerce, information retrieval, or a similar application. Students use a Python web framework connected to a MySQL database throughout the course.",3
666,Organization of Information Resources ,,Fall,"Students interested in careers in digital curation, digital repositories, and metadata and data management need a broad foundation in knowledge organization theory and approaches in a variety of domains, formats and methods. Further, they need a foundation in the different KO strategies ideal for use by organization, humans, and machines. In this course, students will learn the core concepts and principles of describing, grouping, arranging and relating information-bearing objects for different audiences. Through much of the semester focuses on the arrangement of documents and bibliographic information, this course additionally covers the organization of museum objects and their catalogs, biomedical data and records, and beyond. ",3
667,Foundations of Digital Curation ,,Winter,"The course will provide students with a foundational understanding of the core theoretical, conceptual, and practical problems in digital curation; students  will put these insights into practice through hands-on projects. Digital curation is the active involvement of information professionals in the management of digital data through its lifecycle of interest and usefulness to science, scholarship and education. Students interested in careers in this growing field will need a strong grounding in the fundamentals of digital preservation and migration; an understanding of the data practices and needs of researchers; trends and obstacles to data sharing and reuse; and experience making data fit for preservation and range of different users and uses. This course draws on current research information science, archival and library service, and cognate fields.",3
669,Developing Mobile Experiences ,"[""579"", ""507"", ""539""]",Fall,"Develop mobile applications using state of the art tools and platforms. Learn how to use standard testing, monitoring, and debugging tools to find and fix software bugs. Gain familiarity with other mobile app development approaches, UX principles and methods, and emerging mobile technologies such as wearables and Augmented Reality.",3
670,Applied Machine Learning,"[""507"", ""618"", ""602""]",Fall,"Students will learn how to correctly apply, interpret results, and iteratively refine and tune supervised and unsupervised machine learning models to solve a diverse set of problems on real-world datasets. Application is emphasized over theoretical content.",3
671,Data Mining:  Methods and Applications,"[""507"", ""618"", ""602""]",Fall,"With the explosive growth of information generated from different sources, in a variety of formats, and with various qualities, information analysis has become challenging for researchers in many disciplines.  Automatic, robust, and intelligent data mining techniques have become essential tools to handle heterogeneous, noisy, nontraditional, and large-scale data sets.  This is a seminar course of advanced topics in data mining, the state-of-the-art methods to analyze different genres of information, and the applications to many real world problems.  The course will highlight the practical applications of data mining instead of the theoretical foundations of machine learning and statistical computing.  The course materials will focus on how the information in different real world problems can be represented as particular genres, or formats of data, and how the basic mining tasks of each genre of data can be accomplished using the state-of-the-art techniques.  To this end, the course is suitable for those who are consumers of data mining techniques in their own disciplines, such as natural language processing, networks science, human computer interaction, economics, social computing, sociology, business intelligence, and biomedical informatics, etc.",3
672,Applied Clinical Informatics ,"[""542"", ""506""]",Fall,This course explores implementation of information systems in real-world clinical settings. Students will engage with clinicians to understand their workflows within the organizational context. A range of factors that affect the adoption of technology in clinical settings will be discussed.  Students will conduct technology implementation evaluations and develop strategic recommendations.,3
673,Intro to Cloud Computing,"[""506"", ""504""]",--,"In this course students will learn about cloud infrastructure, cloud networks, management, methods to compare and contrast computing services, and performance, scalability, and availability of cloud resources for data intensive tasks. Transferring of large datasets around within the cloud to create cloud based workflows will also be covered. At the end of this course, students should be able to set up cloud based workflows for doing common tasks, as well as create and explain costs and proposals. Cloud accounts will be provided to each student to meet course objectives.",1.5
676,"Network Services for Libraries, Archives, and Museums","[""506"", ""504"", ""666""]",Fall,"This course provides information professionals with skills to thrive in a networked environment. Technical material in the course will be presented in a context that emphasizes its relevance to information professionals. A central theme is programmatic access to open source systems, allowing information institutions to build services beyond their walls.",3
678,Preserving Sound and Motion ,,--,"The course examines the state of standards and best practices for the digital transformation of audio, video, and motion picture media. Lab components include digitizing sound recordings and manipulating/managing files created in the digitization process. A final segment considers preservation metadata schemes, working with vended services, and managing audiovisual projects.",3
681,Internship/Field Experience and Seminar in Practical Engagement ,,Winter,"Selected practical experience opportunity for students who perform 60 - 360 hours of work in a summer internship under the supervision of an onsite supervisor. Internship experiences for credit must be approved in advance by the UMSI Career Development Office. Students will develop learning objectives, complete reflective assignments , and design an internship portfolio demonstrating internship outcomes. This course will support students' ability to derive deeper meaning from integrated learning experience with the potential to contribute to life-long career development.",1-6
682,Advanced User Research in the Field ,"[""622""]",Winter,"Students will work with clients who will provide information problems that will be addressed by conducting research with people in the field. Students will be learn advanced research skills, and professional skills related to working directly with clients and users.",3
684,Designing Consumer-Health Technologies ,"[""588"", ""554"", ""582""]",Fall,"The course focuses on the process of designing consumer-health technologies that are based on constructs from theories about human behavior and behavior change.  Using commonly-used theories (e.g., self-monitoring, goal-setting) as examples, students will learn how to generate ideas for possible feature designs, delineate their tradeoffs, and make principled implementation decisions.",3
686,User-Generated Content ,,Alternating Fall terms,"This half-semester course analyzes the motivation and incentives for user-generated content. We use social science theories as guidance to study the current incentive structures of online Q&A, microfinance, P2P file sharing, open source, social bookmarking and health information exchange sites,
as well as potential new design features that could improve the quantity and quality of the contents.
After completing this course you will be able to:
(1) have a broad understanding of situations where it may be valuable to explicitly consider individual incentives when engineering systems;
(2) recognize the class of mechanism that would be appropriate to particular real-world settings involving user-generated content; and
(3) identify the key design considerations in adapting such mechanisms to particular online communities.",1.5
688,Immersive Applied Projects in the Social Sector ,,Winter (Coursework completed over summer),"This course is an innovative, immersive experiential approach to learning and professional development. In this course, selected interdisciplinary teams of graduate students are paired with social, public, and civic sector organizations to study, design, develop and implement solutions to information challenges identified by collaborating organizations. Student teams will leverage their emergent skills in contextual inquiry, needs assessment, product ideation, consultation, interdisciplinary specialization, and the deep understanding of the complex relationships between people, information, and technology, to frame, develop, build, and implement an information product connected to host organizations' social justice work. Students from all areas of UMSI are encouraged to participate to meet the myriad needs of community organizations.  In order to participate, students are required to apply early in the Winter term at umsi.info/mcompass.giep (non-profit projects) and/or umsi.info/mcompass.cidsummerfellows (civic projects).  Once students are accepted into the program, an override will be processed to provide access to add the course to the Winter term schedule.  Email umsi.engagement@umich.edu for more information or with questions.",6
690,Internship/Field Experience and Seminar in Practical Engagement ,,Fall,"Selected practical experience opportunity for students who perform at least 60 hours of work in an internship. One credit hour is granted for 60 hours of work under the supervision of an onsite supervisor. Internship experiences for credit and enrollment in this course must be approved in advance by the UMSI Career Development Office. Students will develop learning objectives, complete reflective assignments, and design an internship portfolio demonstrating internship outcomes. This course will support students' ability to derive deeper meaning from an integrated learning experience with the potential to contribute to life-long career development.",1-9
691,Independent Study ,,Availble only with willing advisor,Independent Study,1-3
697,Master's Thesis Option Program - 1st Semester ,,Fall ,"As a professional program in a research institution, the School of Information recognizes both the value of engaged learning and the value of research-oriented activities. Drawing on the substantial backgrounds of our faculty as research scholars and mentors, UMSI offers an opportunity for master's students to spend part of their second year at UMSI writing a master's thesis.",2
698,Master's Thesis Option Program - 2nd Semester ,,Winter,"As a professional program in a research institution, the School of Information recognizes both the value of engaged learning and the value of research-oriented activities. Drawing on the substantial backgrounds of our faculty as research scholars and mentors, UMSI offers an opportunity for master's students to spend part of their second year at UMSI writing a master's thesis.",3
699,MSI Mastery Courses ,,As Need By Topic,"As the capstone of the MSI program, these courses require a high level of independence from students to demonstrate synthesis of the major theories, methods, and approaches to inquiry and/or schools of practice necessary for entry into a particular career in the information professions. Instructors assume the role of mentor, facilitator, or advisor. The courses are driven by problem analysis, information gathering and sharing, demonstrating solutions, or a combination of these elements.

For topic details, see: https://www.si.umich.edu/programs/courses/mastery-courses",3
699.X01,UX Research and Design ,"[""588"", ""582"", ""539"", ""622"", ""520""]",Fall,"UX Research and Design practitioners select and apply a range of methods to understand user needs, envision solutions, produce prototypes, and evaluate the user experience of existing and potential products. In the UX Research and Design mastery course, students synthesize their skills and knowledge by completing a semester-long project to design a product to address a well-defined user need, applying appropriate research and design methods along the way. Specific project themes vary from one offering to the next. Example themes from previous semesters include accessibility, museum exhibits, and supporting economic development. ",3
699.X03,User-centered Agile Development ,"[""664"", ""588"", ""582"", ""669"", ""622"", ""504""]",Winter,"User-Centered Agile Development is a mastery course for students interested in pursuing a career in software product development with a UX focus. Students work in groups of 4-6 on a semester-long project with an external client, integrating UX research and design methods with agile software development, with the goal of producing and alpha testing a Minimally Viable Prototype by the end of the course.",3
699.X05,Big Data Analytics ,"[""670"", ""671"", ""504"", ""568""]",Fall,"The Big Data Analytics mastery course requires students to demonstrate mastery of data collection, processing, analysis, visualization, and interpretation. Students work on semester-long projects that deal with industry-scale data sets and address real-world problems, often using real-world data. Students gain experience working in a fast-paced, collaborative environment, while demonstrating independence and leadership. Course projects culminate in the production of professional-quality research reports that are suitable for delivery to industry partners. ",3
